event,id,t_diff,t_end,t_start
CreateEPR_backend,i30pb16au,0.012463,31:05.543244,31:05.530781
CreateEPR_notify,i30pb16au,0.034579,31:05.578050,31:05.543471
CreateEPR_total,i30pb16au,0.048577,31:05.578296,31:05.529719
ReceiveEPR,i30pb16au,0.002341,31:06.763856,31:06.761515
CreateEPR_backend,j25nysi4v,0.018292,31:09.170480,31:09.152188
CreateEPR_notify,j25nysi4v,0.027223,31:09.198060,31:09.170837
CreateEPR_total,j25nysi4v,0.046278,31:09.198302,31:09.152024
ReceiveEPR,j25nysi4v,0.003824,31:09.265944,31:09.262120
CreateEPR_backend,z679uqgqh,0.019234,31:14.227078,31:14.207844
CreateEPR_notify,z679uqgqh,0.025958,31:14.253426,31:14.227468
CreateEPR_total,z679uqgqh,0.046186,31:14.253778,31:14.207592
ReceiveEPR,z679uqgqh,0.003300,31:14.320204,31:14.316904
CreateEPR_backend,rkhkb8key,0.016415,31:19.251402,31:19.234987
CreateEPR_notify,rkhkb8key,0.031995,31:19.283680,31:19.251685
CreateEPR_total,rkhkb8key,0.049066,31:19.283923,31:19.234857
ReceiveEPR,rkhkb8key,0.002692,31:19.344279,31:19.341587
CreateEPR_backend,2pv3we06y,0.023638,31:24.208961,31:24.185323
CreateEPR_notify,2pv3we06y,0.034545,31:24.243898,31:24.209353
CreateEPR_total,2pv3we06y,0.059008,31:24.244114,31:24.185106
ReceiveEPR,2pv3we06y,0.003394,31:24.293737,31:24.290343
