event,id,t_diff,t_end,t_start
CreateEPR_backend,6pcdtpo8r,0.007295,12:19.008763,12:19.001468
CreateEPR_backend,8h21g42hp,0.007437,12:19.009042,12:19.001605
CreateEPR_notify,6pcdtpo8r,0.000809,12:19.009843,12:19.009034
CreateEPR_total,6pcdtpo8r,0.008702,12:19.009948,12:19.001246
CreateEPR_notify,8h21g42hp,0.001020,12:19.010190,12:19.009170
CreateEPR_total,8h21g42hp,0.008794,12:19.010345,12:19.001551
ReceiveEPR,8h21g42hp,0.001896,12:19.948582,12:19.946686
ReceiveEPR,6pcdtpo8r,0.001619,12:20.237553,12:20.235934
CreateEPR_backend,waq86gvfi,0.008478,12:22.740931,12:22.732453
CreateEPR_notify,waq86gvfi,0.000190,12:22.741325,12:22.741135
CreateEPR_total,waq86gvfi,0.009027,12:22.741430,12:22.732403
CreateEPR_backend,w04p1k0fe,0.008433,12:22.746841,12:22.738408
CreateEPR_notify,w04p1k0fe,0.000222,12:22.747256,12:22.747034
CreateEPR_total,w04p1k0fe,0.009015,12:22.747366,12:22.738351
ReceiveEPR,w04p1k0fe,0.001977,12:22.773561,12:22.771584
ReceiveEPR,waq86gvfi,0.001833,12:23.314397,12:23.312564
CreateEPR_backend,9q8yteywv,0.009218,12:27.737724,12:27.728506
CreateEPR_notify,9q8yteywv,0.000177,12:27.738097,12:27.737920
CreateEPR_total,9q8yteywv,0.009802,12:27.738197,12:27.728395
ReceiveEPR,9q8yteywv,0.001618,12:27.767412,12:27.765794
CreateEPR_backend,osa4p98d6,0.010173,12:27.771132,12:27.760959
CreateEPR_notify,osa4p98d6,0.000176,12:27.771497,12:27.771321
CreateEPR_total,osa4p98d6,0.010744,12:27.771587,12:27.760843
ReceiveEPR,osa4p98d6,0.001392,12:28.311698,12:28.310306
CreateEPR_backend,npgxi71ic,0.009559,12:32.731255,12:32.721696
CreateEPR_notify,npgxi71ic,0.000204,12:32.731655,12:32.731451
CreateEPR_total,npgxi71ic,0.010110,12:32.731751,12:32.721641
CreateEPR_backend,p2lfcrm0s,0.009053,12:32.741983,12:32.732930
CreateEPR_notify,p2lfcrm0s,0.000201,12:32.742388,12:32.742187
CreateEPR_total,p2lfcrm0s,0.009647,12:32.742507,12:32.732860
ReceiveEPR,p2lfcrm0s,0.001906,12:32.770276,12:32.768370
ReceiveEPR,npgxi71ic,0.001662,12:33.310679,12:33.309017
CreateEPR_backend,cq715gmt6,0.016645,12:37.748859,12:37.732214
CreateEPR_notify,cq715gmt6,0.000183,12:37.749230,12:37.749047
CreateEPR_total,cq715gmt6,0.017195,12:37.749356,12:37.732161
CreateEPR_backend,xc11x3etp,0.009753,12:37.789505,12:37.779752
CreateEPR_notify,xc11x3etp,0.000191,12:37.790073,12:37.789882
CreateEPR_total,xc11x3etp,0.010455,12:37.790167,12:37.779712
ReceiveEPR,xc11x3etp,0.001673,12:37.798578,12:37.796905
ReceiveEPR,cq715gmt6,0.001612,12:38.312548,12:38.310936
